"name";"category";"manufacturer"
Přírodní voda De Montage;přírodní;Neověřeno
Přírodní voda Magnesia;přírodní;Mattoni 1873
Ochucená voda Dobrá voda;ochucená;Mattoni 1873
Ochucená voda Mattoni;ochucená;Mattoni 1873
Ochucená voda Poděbradka Prolinie;ochucená;Mattoni 1873
Přírodní voda Mattoni;přírodní;Mattoni 1873
Minerální voda Vincentka;minerální;Vincentka
Voda ochucená Korunní;ochucená;Kofola ČeskoSlovensko
Ochucená voda Poděbradka;ochucená;Mattoni 1873
Voda ochucená Ondrášovka;ochucená;Kofola ČeskoSlovensko
Minerální voda Magnesia Red;minerální;Mattoni 1873
Minerální voda Gemerka;minerální;Gemerka
Ochucená voda Waterrr Kubík;ochucená;Neověřeno
Přírodní voda Aquila;přírodní;Mattoni 1873
Ochucená voda Hanácká kyselka;ochucená;Mattoni 1873
Přírodní voda Korunní;přírodní;Kofola ČeskoSlovensko
Ochucená voda Mattoni Esence;ochucená;Mattoni 1873
Voda Bílinská kyselka;ostatní;BHMW
Ochucená voda Rajec;ochucená;Kofola ČeskoSlovensko
Minerální voda kalcia Kláštorná;minerální;Kofola ČeskoSlovensko
Přírodní voda Dobrá voda;přírodní;Mattoni 1873
Přírodní voda Rajec;přírodní;Kofola ČeskoSlovensko
Voda ochucená plus Magnesia;ochucená;Mattoni 1873
Ochucená voda Gemerka;ochucená;Gemerka
Ochucená voda kofeinová Coffizz Tchibo;ochucená, kofeinová;Tchibo
Ochucená voda Mattoni Imuno;ochucená, funkční;Mattoni 1873
Přírodní voda Magnesia Extra;přírodní;Mattoni 1873
Přírodní voda Natura;přírodní;Coca-Cola HBC Česko a Slovensko
Přírodní voda Vittel;přírodní;Nestlé
Přírodní voda Go Magnesia;přírodní;Mattoni 1873
Minerální voda Lubovnianka;minerální;Neověřeno
Přírodní voda Cristaline;přírodní;Neověřeno
Voda žaludeční Bílinská kyselka;žaludeční;BHMW
Voda San Pellegrino;ostatní;Nestlé
Kokosová voda Pfanner;kokosová;Pfanner
Kokosová voda 100% American Drinks;kokosová;American Drinks
Funkční voda Gemerka;funkční;Gemerka
Minerální voda Perrier;minerální;Nestlé
Funkční voda Hanácká kyselka;funkční;Mattoni 1873
Přírodní voda Solan de Cabras;přírodní;Mahou San Miguel
Vitamínová voda Vitamin Well;vitamínová, funkční;Neověřeno
Voda Acqua Panna;ostatní;Nestlé
Minerální voda Hruška;minerální;Neověřeno
Ochucená voda dětská YESs;ochucená, dětská;Mattoni 1873
Voda ProMineral Poděbradka;minerální;Mattoni 1873